<?xml version="1.0" encoding="utf-8" ?>
<Patch>

  <Operation Class="PatchOperationFindMod">
    <mods>
      <li>Biomes! Islands</li>
    </mods>
    <match Class="PatchOperationSequence">
      <success>Normal</success>
      <operations>

        <li Class="PatchOperationAdd">
          <xpath>Defs</xpath>
          <value>
            <ThingDef ParentName="DankPyon_HideBaseLarge">
              <defName>DankPyon_Hide_BiomesIslands_BlueCrab</defName>
              <label>large bluecrab carapace</label>
              <graphicData>
                <texPath>Resources/HideLarge</texPath>
                <color>(80,118,120)</color>
              </graphicData>
              <statBases>
                <MarketValue>30.6</MarketValue>
              </statBases>
              <stackLimit>2</stackLimit>
              <butcherProducts Inherit="False">
                <BiomesCore_CrabShell>19</BiomesCore_CrabShell>
              </butcherProducts>
              <stuffProps>
                <color>(80,118,120)</color>
              </stuffProps>
            </ThingDef>
          </value>
        </li>

      <li Class="PatchOperationAdd">
        <xpath>Defs/PawnKindDef [defName="BiomesIslands_BlueCrab"]/lifeStages/li[3]</xpath>

        <value>
          <butcherBodyPart>
            <bodyPartGroup>HeadAttackTool</bodyPartGroup>
            <thing>DankPyon_Hide_BiomesIslands_BlueCrab</thing>
            <allowFemale>true</allowFemale>
          </butcherBodyPart>
        </value>
      </li>
      </operations>


  </match>
</Operation>
</Patch>
